{
  "CustomCNN": {
    "accuracy": 0.9934107310950737,
    "precision": 0.989449426212205,
    "recall": 0.9934107310950737,
    "f1": 0.9913972114449472,
    "training_time_s": 2145.2
  },
  "MobileNetV2": {
    "accuracy": 0.996862252902416,
    "precision": 0.9968116516840934,
    "recall": 0.996862252902416,
    "f1": 0.9968082102599679,
    "training_time_s": 3004.2
  },
  "EfficientNetB0": {
    "accuracy": 0.20991528082836525,
    "precision": 0.11823978998279316,
    "recall": 0.20991528082836525,
    "f1": 0.09977889988224761,
    "training_time_s": 1586.4
  },
  "best_model": "MobileNetV2"
}